car_ID,symboling,CarName,fueltype,aspiration,doornumber,carbody,drivewheel,enginelocation,wheelbase,carlength,carwidth,carheight,curbweight,enginetype,cylindernumber,enginesize,fuelsystem,boreratio,stroke,compressionratio,horsepower,peakrpm,citympg,highwaympg,price,CompanyName
1,3,alfa-romero giulia,0,0,2,convertible,rwd,front,88.6,168.8,64.1,48.8,2548,dohc,4,130,mpfi,3.47,2.68,9.0,111,5000,21,27,9.510074525452104,alfa-romero
2,3,alfa-romero stelvio,0,0,2,convertible,rwd,front,88.6,168.8,64.1,48.8,2548,dohc,4,130,mpfi,3.47,2.68,9.0,111,5000,21,27,9.711115659888671,alfa-romero
3,1,alfa-romero Quadrifoglio,0,0,2,hatchback,rwd,front,94.5,171.2,65.5,52.4,2823,ohcv,6,152,mpfi,2.68,3.47,9.0,154,5000,19,26,9.711115659888671,alfa-romero
4,2,audi 100 ls,0,0,4,sedan,fwd,front,99.8,176.6,66.2,54.3,2337,ohc,4,109,mpfi,3.19,3.4,10.0,102,5500,24,30,9.543234787249512,audi
5,2,audi 100ls,0,0,4,sedan,4wd,front,99.4,176.6,66.4,54.3,2824,ohc,5,136,mpfi,3.19,3.4,8.0,115,5500,18,22,9.767094927630573,audi
6,2,audi fox,0,0,2,sedan,fwd,front,99.8,177.3,66.3,53.1,2507,ohc,5,136,mpfi,3.19,3.4,8.5,110,5500,19,25,9.632334782035558,audi
7,1,audi 100ls,0,0,4,sedan,fwd,front,105.8,192.7,71.4,55.7,2844,ohc,5,136,mpfi,3.19,3.4,8.5,110,5500,19,25,9.781884730776879,audi
8,1,audi 5000,0,0,4,wagon,fwd,front,105.8,192.7,71.4,55.7,2954,ohc,5,136,mpfi,3.19,3.4,8.5,110,5500,19,25,9.847974842605868,audi
9,1,audi 4000,0,1,4,sedan,fwd,front,105.8,192.7,71.4,55.9,3086,ohc,5,131,mpfi,3.13,3.4,8.3,140,5500,17,20,10.08058716534893,audi
10,0,audi 5000s (diesel),0,1,2,hatchback,4wd,front,99.5,178.2,67.9,52.0,3053,ohc,5,131,mpfi,3.13,3.4,7.0,160,5500,16,22,9.790272212805272,audi
11,2,bmw 320i,0,0,2,sedan,rwd,front,101.2,176.8,64.8,54.3,2395,ohc,4,108,mpfi,3.5,2.8,8.8,101,5800,23,29,9.706864211031315,bmw
12,0,bmw 320i,0,0,4,sedan,rwd,front,101.2,176.8,64.8,54.3,2395,ohc,4,108,mpfi,3.5,2.8,8.8,101,5800,23,29,9.736547097780475,bmw
13,0,bmw x1,0,0,2,sedan,rwd,front,101.2,176.8,64.8,54.3,2710,ohc,6,164,mpfi,3.31,3.19,9.0,121,4250,21,28,9.950848123895966,bmw
14,0,bmw x3,0,0,4,sedan,rwd,front,101.2,176.8,64.8,54.3,2765,ohc,6,164,mpfi,3.31,3.19,9.0,121,4250,21,28,9.9572652582166,bmw
15,1,bmw z4,0,0,4,sedan,rwd,front,103.5,189.0,66.9,55.7,3055,ohc,6,164,mpfi,3.31,3.19,9.0,121,4250,20,25,10.109077944602749,bmw
16,0,bmw x4,0,0,4,sedan,rwd,front,103.5,189.0,66.9,55.7,3230,ohc,6,209,mpfi,3.62,3.39,8.0,182,5400,16,22,10.333970423619581,bmw
17,0,bmw x5,0,0,2,sedan,rwd,front,103.5,193.8,67.9,53.7,3380,ohc,6,209,mpfi,3.62,3.39,8.0,182,5400,16,22,10.628980909135285,bmw
18,0,bmw x3,0,0,4,sedan,rwd,front,110.0,197.0,70.9,56.3,3505,ohc,6,209,mpfi,3.62,3.39,8.0,182,5400,15,20,10.51542467767053,bmw
19,2,chevrolet impala,0,0,2,hatchback,fwd,front,88.4,141.1,60.3,53.2,1488,l,3,61,2bbl,2.91,3.03,9.5,48,5100,47,53,8.546946149565585,chevrolet
20,1,chevrolet monte carlo,0,0,2,hatchback,fwd,front,94.5,155.9,63.6,52.0,1874,ohc,4,90,2bbl,3.03,3.11,9.6,70,5400,38,43,8.747510946478448,chevrolet
21,0,chevrolet vega 2300,0,0,4,sedan,fwd,front,94.5,158.8,63.6,52.0,1909,ohc,4,90,2bbl,3.03,3.11,9.6,70,5400,38,43,8.791029857045965,chevrolet
22,1,dodge rampage,0,0,2,hatchback,fwd,front,93.7,157.3,63.8,50.8,1876,ohc,4,90,2bbl,2.97,3.23,9.41,68,5500,37,41,8.625509334899697,dodge
23,1,dodge challenger se,0,0,2,hatchback,fwd,front,93.7,157.3,63.8,50.8,1876,ohc,4,90,2bbl,2.97,3.23,9.4,68,5500,31,38,8.760453046315272,dodge
24,1,dodge d200,0,1,2,hatchback,fwd,front,93.7,157.3,63.8,50.8,2128,ohc,4,98,mpfi,3.03,3.39,7.6,102,5500,24,30,8.981807323377534,dodge
25,1,dodge monaco (sw),0,0,4,hatchback,fwd,front,93.7,157.3,63.8,50.6,1967,ohc,4,90,2bbl,2.97,3.23,9.4,68,5500,31,38,8.736971085254146,dodge
26,1,dodge colt hardtop,0,0,4,sedan,fwd,front,93.7,157.3,63.8,50.6,1989,ohc,4,90,2bbl,2.97,3.23,9.4,68,5500,31,38,8.808668062106715,dodge
27,1,dodge colt (sw),0,0,4,sedan,fwd,front,93.7,157.3,63.8,50.6,1989,ohc,4,90,2bbl,2.97,3.23,9.4,68,5500,31,38,8.937087036176523,dodge
28,1,dodge coronet custom,0,1,2,sedan,fwd,front,93.7,157.3,63.8,50.6,2191,ohc,4,98,mpfi,3.03,3.39,7.6,102,5500,24,30,9.054621796976763,dodge
29,-1,dodge dart custom,0,0,4,wagon,fwd,front,103.3,174.6,64.6,59.8,2535,ohc,4,122,2bbl,3.34,3.46,8.5,88,5000,24,30,9.096163326913784,dodge
30,3,dodge coronet custom (sw),0,1,2,hatchback,fwd,front,95.9,173.2,66.3,50.2,2811,ohc,4,156,mfi,3.6,3.9,7.0,145,5000,19,24,9.469931564261438,dodge
31,2,honda civic,0,0,2,hatchback,fwd,front,86.6,144.6,63.9,50.8,1713,ohc,4,92,1bbl,2.91,3.41,9.6,58,4800,49,54,8.776321456449958,honda
32,2,honda civic cvcc,0,0,2,hatchback,fwd,front,86.6,144.6,63.9,50.8,1819,ohc,4,92,1bbl,2.91,3.41,9.2,76,6000,31,38,8.832733591996416,honda
33,1,honda civic,0,0,2,hatchback,fwd,front,93.7,150.0,64.0,52.6,1837,ohc,4,79,1bbl,2.91,3.07,10.1,60,5500,38,42,8.593969030218288,honda
34,1,honda accord cvcc,0,0,2,hatchback,fwd,front,93.7,150.0,64.0,52.6,1940,ohc,4,92,1bbl,2.91,3.41,9.2,76,6000,30,34,8.784009071186633,honda
35,1,honda civic cvcc,0,0,2,hatchback,fwd,front,93.7,150.0,64.0,52.6,1956,ohc,4,92,1bbl,2.91,3.41,9.2,76,6000,30,34,8.871926251117628,honda
36,0,honda accord lx,0,0,4,sedan,fwd,front,96.5,163.4,64.0,54.5,2010,ohc,4,92,1bbl,2.91,3.41,9.2,76,6000,30,34,8.894944460956886,honda
37,0,honda civic 1500 gl,0,0,4,wagon,fwd,front,96.5,157.1,63.9,58.3,2024,ohc,4,92,1bbl,2.92,3.41,9.2,76,6000,30,34,8.894944460956886,honda
38,0,honda accord,0,0,2,hatchback,fwd,front,96.5,167.5,65.2,53.3,2236,ohc,4,110,1bbl,3.15,3.58,9.0,86,5800,27,33,8.973984926689743,honda
39,0,honda civic 1300,0,0,2,hatchback,fwd,front,96.5,167.5,65.2,53.3,2289,ohc,4,110,1bbl,3.15,3.58,9.0,86,5800,27,33,9.115480090952223,honda
40,0,honda prelude,0,0,4,sedan,fwd,front,96.5,175.4,65.2,54.1,2304,ohc,4,110,1bbl,3.15,3.58,9.0,86,5800,27,33,9.087607606593886,honda
41,0,honda accord,0,0,4,sedan,fwd,front,96.5,175.4,62.5,54.1,2372,ohc,4,110,1bbl,3.15,3.58,9.0,86,5800,27,33,9.23941361946189,honda
42,0,honda civic,0,0,4,sedan,fwd,front,96.5,175.4,65.2,54.1,2465,ohc,4,110,mpfi,3.15,3.58,9.0,101,5800,24,28,9.468464892185638,honda
43,1,honda civic (auto),0,0,2,sedan,fwd,front,96.5,169.1,66.0,51.0,2293,ohc,4,110,2bbl,3.15,3.58,9.1,100,5500,25,31,9.244258590179644,honda
44,0,isuzu MU-X,0,0,4,sedan,rwd,front,94.3,170.7,61.8,53.5,2337,ohc,4,111,2bbl,3.31,3.23,8.5,78,4800,24,29,8.82246957226897,isuzu
45,1,isuzu D-Max ,0,0,2,sedan,fwd,front,94.5,155.9,63.6,52.0,1874,ohc,4,90,2bbl,3.03,3.11,9.6,70,5400,38,43,9.095658771892568,isuzu
46,0,isuzu D-Max V-Cross,0,0,4,sedan,fwd,front,94.5,155.9,63.6,52.0,1909,ohc,4,90,2bbl,3.03,3.11,9.6,70,5400,38,43,9.095658771892568,isuzu
47,2,isuzu D-Max ,0,0,2,hatchback,rwd,front,96.0,172.6,65.2,51.4,2734,ohc,4,119,spfi,3.43,3.23,9.2,90,5000,24,29,9.310004695089129,isuzu
48,0,jaguar xj,0,0,4,sedan,rwd,front,113.0,199.6,69.6,52.8,4066,dohc,6,258,mpfi,3.63,4.17,8.1,176,4750,15,19,10.381273322223919,jaguar
49,0,jaguar xf,0,0,4,sedan,rwd,front,113.0,199.6,69.6,52.8,4066,dohc,6,258,mpfi,3.63,4.17,8.1,176,4750,15,19,10.478695435231387,jaguar
50,0,jaguar xk,0,0,2,sedan,rwd,front,102.0,191.7,70.6,47.8,3950,ohcv,12,326,mpfi,3.54,2.76,11.5,262,5000,13,17,10.491274217438248,jaguar
51,1,maxda rx3,0,0,2,hatchback,fwd,front,93.1,159.1,64.2,54.1,1890,ohc,4,91,2bbl,3.03,3.15,9.0,68,5000,30,31,8.555451903533328,mazda
52,1,maxda glc deluxe,0,0,2,hatchback,fwd,front,93.1,159.1,64.2,54.1,1900,ohc,4,91,2bbl,3.03,3.15,9.0,68,5000,31,38,8.715224041915372,mazda
53,1,mazda rx2 coupe,0,0,2,hatchback,fwd,front,93.1,159.1,64.2,54.1,1905,ohc,4,91,2bbl,3.03,3.15,9.0,68,5000,31,38,8.823942326585245,mazda
54,1,mazda rx-4,0,0,4,sedan,fwd,front,93.1,166.8,64.2,54.1,1945,ohc,4,91,2bbl,3.03,3.15,9.0,68,5000,31,38,8.809116258125274,mazda
55,1,mazda glc deluxe,0,0,4,sedan,fwd,front,93.1,166.8,64.2,54.1,1950,ohc,4,91,2bbl,3.08,3.15,9.0,68,5000,31,38,8.9085593751449,mazda
56,3,mazda 626,0,0,2,hatchback,rwd,front,95.3,169.0,65.7,49.6,2380,rotor,2,70,4bbl,3.33,3.255,9.4,101,6000,17,23,9.300638009956963,mazda
57,3,mazda glc,0,0,2,hatchback,rwd,front,95.3,169.0,65.7,49.6,2380,rotor,2,70,4bbl,3.33,3.255,9.4,101,6000,17,23,9.379661116592885,mazda
58,3,mazda rx-7 gs,0,0,2,hatchback,rwd,front,95.3,169.0,65.7,49.6,2385,rotor,2,70,4bbl,3.33,3.255,9.4,101,6000,17,23,9.521128433142438,mazda
59,3,mazda glc 4,0,0,2,hatchback,rwd,front,95.3,169.0,65.7,49.6,2500,rotor,2,80,mpfi,3.33,3.255,9.4,135,6000,16,23,9.657906656102982,mazda
60,1,mazda 626,0,0,2,hatchback,fwd,front,98.8,177.8,66.5,53.7,2385,ohc,4,122,2bbl,3.39,3.39,8.6,84,4800,26,32,9.087607606593886,mazda
61,0,mazda glc custom l,0,0,4,sedan,fwd,front,98.8,177.8,66.5,55.5,2410,ohc,4,122,2bbl,3.39,3.39,8.6,84,4800,26,32,9.047233034106032,mazda
62,1,mazda glc custom,0,0,2,hatchback,fwd,front,98.8,177.8,66.5,53.7,2385,ohc,4,122,2bbl,3.39,3.39,8.6,84,4800,26,32,9.2681374707024,mazda
63,0,mazda rx-4,0,0,4,sedan,fwd,front,98.8,177.8,66.5,55.5,2410,ohc,4,122,2bbl,3.39,3.39,8.6,84,4800,26,32,9.234545060673,mazda
64,0,mazda glc deluxe,1,0,4,sedan,fwd,front,98.8,177.8,66.5,55.5,2443,ohc,4,122,idi,3.39,3.39,22.7,64,4650,36,42,9.286838342948908,mazda
65,0,mazda 626,0,0,4,hatchback,fwd,front,98.8,177.8,66.5,55.5,2425,ohc,4,122,2bbl,3.39,3.39,8.6,84,4800,26,32,9.327678864393416,mazda
66,0,mazda glc,0,0,4,sedan,rwd,front,104.9,175.0,66.1,54.4,2670,ohc,4,140,mpfi,3.76,3.16,8.0,120,5000,19,27,9.813562845008141,mazda
67,0,mazda rx-7 gs,1,0,4,sedan,rwd,front,104.9,175.0,66.1,54.4,2700,ohc,4,134,idi,3.43,3.64,22.0,72,4200,31,39,9.81705782453774,mazda
68,-1,buick electra 225 custom,1,1,4,sedan,rwd,front,110.0,190.9,70.3,56.5,3515,ohc,5,183,idi,3.58,3.64,21.5,123,4350,22,25,10.148470870454794,buick
69,-1,buick century luxus (sw),1,1,4,wagon,rwd,front,110.0,190.9,70.3,58.7,3750,ohc,5,183,idi,3.58,3.64,21.5,123,4350,22,25,10.248777937608223,buick
70,0,buick century,1,1,2,hardtop,rwd,front,106.7,187.5,70.3,54.9,3495,ohc,5,183,idi,3.58,3.64,21.5,123,4350,22,25,10.246225830735987,buick
71,-1,buick skyhawk,1,1,4,sedan,rwd,front,115.6,202.6,71.7,56.3,3770,ohc,5,183,idi,3.58,3.64,21.5,123,4350,22,25,10.360912399575003,buick
72,-1,buick opel isuzu deluxe,0,0,4,sedan,rwd,front,115.6,202.6,71.7,56.5,3740,ohcv,8,234,mpfi,3.46,3.1,8.3,155,4750,16,18,10.439512977323862,buick
73,3,buick skylark,0,0,2,convertible,rwd,front,96.6,180.3,70.5,50.8,3685,ohcv,8,234,mpfi,3.46,3.1,8.3,155,4750,16,18,10.464702061835247,buick
74,0,buick century special,0,0,4,sedan,rwd,front,120.9,208.1,71.7,56.7,3900,ohcv,8,308,mpfi,3.8,3.35,8.0,184,4500,14,16,10.62035125971339,buick
75,1,buick regal sport coupe (turbo),0,0,2,hardtop,rwd,front,112.0,199.2,72.0,55.4,3715,ohcv,8,304,mpfi,3.8,3.35,8.0,184,4500,14,16,10.72326738402944,buick
76,1,mercury cougar,0,1,2,hatchback,rwd,front,102.7,178.4,68.0,54.8,2910,ohc,4,140,mpfi,3.78,3.12,8.0,175,5000,19,24,9.711297461543568,mercury
77,2,mitsubishi mirage,0,0,2,hatchback,fwd,front,93.7,157.3,64.4,50.8,1918,ohc,4,92,2bbl,2.97,3.23,9.4,68,5500,37,41,8.592115117933497,mitsubishi
78,2,mitsubishi lancer,0,0,2,hatchback,fwd,front,93.7,157.3,64.4,50.8,1944,ohc,4,92,2bbl,2.97,3.23,9.4,68,5500,31,38,8.73052880173936,mitsubishi
79,2,mitsubishi outlander,0,0,2,hatchback,fwd,front,93.7,157.3,64.4,50.8,2004,ohc,4,92,2bbl,2.97,3.23,9.4,68,5500,31,38,8.805225202632306,mitsubishi
80,1,mitsubishi g4,0,1,2,hatchback,fwd,front,93.0,157.3,63.8,50.8,2145,ohc,4,98,spdi,3.03,3.39,7.6,102,5500,24,30,8.94754601503218,mitsubishi
81,3,mitsubishi mirage g4,0,1,2,hatchback,fwd,front,96.3,173.0,65.4,49.4,2370,ohc,4,110,spdi,3.17,3.46,7.5,116,5500,23,30,9.20623194393164,mitsubishi
82,3,mitsubishi g4,0,0,2,hatchback,fwd,front,96.3,173.0,65.4,49.4,2328,ohc,4,122,2bbl,3.35,3.46,8.5,88,5000,25,32,9.047703788498627,mitsubishi
83,3,mitsubishi outlander,0,1,2,hatchback,fwd,front,95.9,173.2,66.3,50.2,2833,ohc,4,156,spdi,3.58,3.86,7.0,145,5000,19,24,9.44375103564617,mitsubishi
84,3,mitsubishi g4,0,1,2,hatchback,fwd,front,95.9,173.2,66.3,50.2,2921,ohc,4,156,spdi,3.59,3.86,7.0,145,5000,19,24,9.607033787697222,mitsubishi
85,3,mitsubishi mirage g4,0,1,2,hatchback,fwd,front,95.9,173.2,66.3,50.2,2926,ohc,4,156,spdi,3.59,3.86,7.0,145,5000,19,24,9.581145019820722,mitsubishi
86,1,mitsubishi montero,0,0,4,sedan,fwd,front,96.3,172.4,65.4,51.6,2365,ohc,4,122,2bbl,3.35,3.46,8.5,88,5000,25,32,8.85209276347713,mitsubishi
87,1,mitsubishi pajero,0,0,4,sedan,fwd,front,96.3,172.4,65.4,51.6,2405,ohc,4,122,2bbl,3.35,3.46,8.5,88,5000,25,32,9.010547069270189,mitsubishi
88,1,mitsubishi outlander,0,1,4,sedan,fwd,front,96.3,172.4,65.4,51.6,2403,ohc,4,110,spdi,3.17,3.46,7.5,116,5500,23,30,9.13550906135318,mitsubishi
89,-1,mitsubishi mirage g4,0,0,4,sedan,fwd,front,96.3,172.4,65.4,51.6,2403,ohc,4,110,spdi,3.17,3.46,7.5,116,5500,23,30,9.13550906135318,mitsubishi
90,1,Nissan versa,0,0,2,sedan,fwd,front,94.5,165.3,63.8,54.5,1889,ohc,4,97,2bbl,3.15,3.29,9.4,69,5200,31,37,8.612321536507814,nissan
91,1,nissan gt-r,1,0,2,sedan,fwd,front,94.5,165.3,63.8,54.5,2017,ohc,4,103,idi,2.99,3.47,21.9,55,4800,45,50,8.867709208039386,nissan
92,1,nissan rogue,0,0,2,sedan,fwd,front,94.5,165.3,63.8,54.5,1918,ohc,4,97,2bbl,3.15,3.29,9.4,69,5200,31,37,8.802221746402456,nissan
93,1,nissan latio,0,0,4,sedan,fwd,front,94.5,165.3,63.8,54.5,1938,ohc,4,97,2bbl,3.15,3.29,9.4,69,5200,31,37,8.831857935197906,nissan
94,1,nissan titan,0,0,4,wagon,fwd,front,94.5,170.2,63.8,53.5,2024,ohc,4,97,2bbl,3.15,3.29,9.4,69,5200,31,37,8.90231952852887,nissan
95,1,nissan leaf,0,0,2,sedan,fwd,front,94.5,165.3,63.8,54.5,1951,ohc,4,97,2bbl,3.15,3.29,9.4,69,5200,31,37,8.895492631451633,nissan
96,1,nissan juke,0,0,2,hatchback,fwd,front,94.5,165.6,63.8,53.3,2028,ohc,4,97,2bbl,3.15,3.29,9.4,69,5200,31,37,8.961750799330497,nissan
97,1,nissan latio,0,0,4,sedan,fwd,front,94.5,165.3,63.8,54.5,1971,ohc,4,97,2bbl,3.15,3.29,9.4,69,5200,31,37,8.92252495730139,nissan
98,1,nissan note,0,0,4,wagon,fwd,front,94.5,170.2,63.8,53.5,2037,ohc,4,97,2bbl,3.15,3.29,9.4,69,5200,31,37,8.987071812848821,nissan
99,2,nissan clipper,0,0,2,hardtop,fwd,front,95.1,162.4,63.8,53.3,2008,ohc,4,97,2bbl,3.15,3.29,9.4,69,5200,31,37,9.017847259860732,nissan
100,0,nissan rogue,0,0,4,hatchback,fwd,front,97.2,173.4,65.2,54.7,2324,ohc,4,120,2bbl,3.33,3.47,8.5,97,5200,27,34,9.099297073182859,nissan
101,0,nissan nv200,0,0,4,sedan,fwd,front,97.2,173.4,65.2,54.7,2302,ohc,4,120,2bbl,3.33,3.47,8.5,97,5200,27,34,9.164191715950203,nissan
102,0,nissan dayz,0,0,4,sedan,fwd,front,100.4,181.7,66.5,55.1,3095,ohcv,6,181,mpfi,3.43,3.27,9.0,152,5200,17,22,9.510370887608827,nissan
103,0,nissan fuga,0,0,4,wagon,fwd,front,100.4,184.6,66.5,56.1,3296,ohcv,6,181,mpfi,3.43,3.27,9.0,152,5200,17,22,9.57491403870827,nissan
104,0,nissan otti,0,0,4,sedan,fwd,front,100.4,184.6,66.5,55.1,3060,ohcv,6,181,mpfi,3.43,3.27,9.0,152,5200,19,25,9.510370887608827,nissan
105,3,nissan teana,0,0,2,hatchback,rwd,front,91.3,170.7,67.9,49.7,3071,ohcv,6,181,mpfi,3.43,3.27,9.0,160,5200,19,25,9.752606521576492,nissan
106,3,nissan kicks,0,1,2,hatchback,rwd,front,91.3,170.7,67.9,49.7,3139,ohcv,6,181,mpfi,3.43,3.27,7.8,200,5200,17,23,9.888323152016355,nissan
107,1,nissan clipper,0,0,2,hatchback,rwd,front,99.2,178.5,67.9,49.7,3139,ohcv,6,181,mpfi,3.43,3.27,9.0,160,5200,19,25,9.820051594294094,nissan
108,0,peugeot 504,0,0,4,sedan,rwd,front,107.9,186.7,68.4,56.7,3020,l,4,120,mpfi,3.46,3.19,8.4,97,5000,19,24,9.38429367909962,peugeot
109,0,peugeot 304,1,1,4,sedan,rwd,front,107.9,186.7,68.4,56.7,3197,l,4,152,idi,3.7,3.52,21.0,95,4150,28,33,9.487972108574462,peugeot
110,0,peugeot 504 (sw),0,0,4,wagon,rwd,front,114.2,198.9,68.4,58.7,3230,l,4,120,mpfi,3.46,3.19,8.4,97,5000,19,24,9.42867236629317,peugeot
111,0,peugeot 504,1,1,4,wagon,rwd,front,114.2,198.9,68.4,58.7,3430,l,4,152,idi,3.7,3.52,21.0,95,4150,25,25,9.536762272743895,peugeot
112,0,peugeot 504,0,0,4,sedan,rwd,front,107.9,186.7,68.4,56.7,3075,l,4,120,mpfi,3.46,2.19,8.4,95,5000,19,24,9.65374331942474,peugeot
113,0,peugeot 604sl,1,1,4,sedan,rwd,front,107.9,186.7,68.4,56.7,3252,l,4,152,idi,3.7,3.52,21.0,95,4150,28,33,9.735068900911164,peugeot
114,0,peugeot 504,0,0,4,wagon,rwd,front,114.2,198.9,68.4,56.7,3285,l,4,120,mpfi,3.46,2.19,8.4,95,5000,19,24,9.722864552377755,peugeot
115,0,peugeot 505s turbo diesel,1,1,4,wagon,rwd,front,114.2,198.9,68.4,58.7,3485,l,4,152,idi,3.7,3.52,21.0,95,4150,25,25,9.74537068443899,peugeot
116,0,peugeot 504,0,0,4,sedan,rwd,front,107.9,186.7,68.4,56.7,3075,l,4,120,mpfi,3.46,3.19,8.4,97,5000,19,24,9.718963572186974,peugeot
117,0,peugeot 504,1,1,4,sedan,rwd,front,107.9,186.7,68.4,56.7,3252,l,4,152,idi,3.7,3.52,21.0,95,4150,28,33,9.795345393916424,peugeot
118,0,peugeot 604sl,0,1,4,sedan,rwd,front,108.0,186.7,68.3,56.0,3130,l,4,134,mpfi,3.61,3.21,7.0,142,5600,18,24,9.806425839692997,peugeot
119,1,plymouth fury iii,0,0,2,hatchback,fwd,front,93.7,157.3,63.8,50.8,1918,ohc,4,90,2bbl,2.97,3.23,9.4,68,5500,37,41,8.625509334899697,plymouth
120,1,plymouth cricket,0,1,2,hatchback,fwd,front,93.7,157.3,63.8,50.8,2128,ohc,4,98,spdi,3.03,3.39,7.6,102,5500,24,30,8.981807323377534,plymouth
121,1,plymouth fury iii,0,0,4,hatchback,fwd,front,93.7,157.3,63.8,50.6,1967,ohc,4,90,2bbl,2.97,3.23,9.4,68,5500,31,38,8.736971085254146,plymouth
122,1,plymouth satellite custom (sw),0,0,4,sedan,fwd,front,93.7,167.3,63.8,50.8,1989,ohc,4,90,2bbl,2.97,3.23,9.4,68,5500,31,38,8.808668062106715,plymouth
123,1,plymouth fury gran sedan,0,0,4,sedan,fwd,front,93.7,167.3,63.8,50.8,2191,ohc,4,98,2bbl,2.97,3.23,9.4,68,5500,31,38,8.937087036176523,plymouth
124,-1,plymouth valiant,0,0,4,wagon,fwd,front,103.3,174.6,64.6,59.8,2535,ohc,4,122,2bbl,3.35,3.46,8.5,88,5000,24,30,9.096163326913784,plymouth
125,3,plymouth duster,0,1,2,hatchback,rwd,front,95.9,173.2,66.3,50.2,2818,ohc,4,156,spdi,3.59,3.86,7.0,145,5000,19,24,9.454383987398135,plymouth
126,3,porsche macan,0,0,2,hatchback,rwd,front,94.5,168.9,68.3,50.2,2778,ohc,4,151,mpfi,3.94,3.11,9.5,143,5500,19,27,9.999615579630348,porsche
127,3,porcshce panamera,0,0,2,hardtop,rwd,rear,89.5,168.9,65.0,51.6,2756,ohcf,6,194,mpfi,3.74,2.9,9.5,207,5900,17,25,10.389856535868129,porsche
128,3,porsche cayenne,0,0,2,hardtop,rwd,rear,89.5,168.9,65.0,51.6,2756,ohcf,6,194,mpfi,3.74,2.9,9.5,207,5900,17,25,10.434938994095775,porsche
129,3,porsche boxter,0,0,2,convertible,rwd,rear,89.5,168.9,65.0,51.6,2800,ohcf,6,194,mpfi,3.74,2.9,9.5,207,5900,17,25,10.519429662187102,porsche
130,1,porsche cayenne,0,0,2,hatchback,rwd,front,98.4,175.7,72.3,50.5,3366,dohcv,8,203,mpfi,3.94,3.11,10.0,288,5750,17,28,10.354579095336446,porsche
131,0,renault 12tl,0,0,4,wagon,fwd,front,96.1,181.5,66.5,55.2,2579,ohc,4,132,mpfi,3.46,3.9,8.7,90,5100,23,31,9.137231900155545,renault
132,2,renault 5 gtl,0,0,2,hatchback,fwd,front,96.1,176.8,66.6,50.5,2460,ohc,4,132,mpfi,3.46,3.9,8.7,90,5100,23,31,9.199784858036667,renault
133,3,saab 99e,0,0,2,hatchback,fwd,front,99.1,186.6,66.5,56.1,2658,ohc,4,121,mpfi,3.54,3.07,9.31,110,5250,21,28,9.380083146563278,saab
134,2,saab 99le,0,0,4,sedan,fwd,front,99.1,186.6,66.5,56.1,2695,ohc,4,121,mpfi,3.54,3.07,9.3,110,5250,21,28,9.406729185981574,saab
135,3,saab 99le,0,0,2,hatchback,fwd,front,99.1,186.6,66.5,56.1,2707,ohc,4,121,mpfi,2.54,2.07,9.3,110,5250,21,28,9.618468597503831,saab
136,2,saab 99gle,0,0,4,sedan,fwd,front,99.1,186.6,66.5,56.1,2758,ohc,4,121,mpfi,3.54,3.07,9.3,110,5250,21,28,9.649240256170584,saab
137,3,saab 99gle,0,1,2,hatchback,fwd,front,99.1,186.6,66.5,56.1,2808,dohc,4,121,mpfi,3.54,3.07,9.0,160,5500,19,26,9.806425839692997,saab
138,2,saab 99e,0,1,4,sedan,fwd,front,99.1,186.6,66.5,56.1,2847,dohc,4,121,mpfi,3.54,3.07,9.0,160,5500,19,26,9.831991550831058,saab
139,2,subaru,0,0,2,hatchback,fwd,front,93.7,156.9,63.4,53.7,2050,ohcf,4,97,2bbl,3.62,2.36,9.0,69,4900,31,36,8.540519016719735,subaru
140,2,subaru dl,0,0,2,hatchback,fwd,front,93.7,157.9,63.6,53.7,2120,ohcf,4,108,2bbl,3.62,2.64,8.7,73,4400,26,31,8.86120833720818,subaru
141,2,subaru dl,0,0,2,hatchback,4wd,front,93.3,157.3,63.8,55.7,2240,ohcf,4,108,2bbl,3.62,2.64,8.7,73,4400,26,31,8.936298185228436,subaru
142,0,subaru,0,0,4,sedan,fwd,front,97.2,172.0,65.4,52.5,2145,ohcf,4,108,2bbl,3.62,2.64,9.5,82,4800,32,37,8.871505346165781,subaru
143,0,subaru brz,0,0,4,sedan,fwd,front,97.2,172.0,65.4,52.5,2190,ohcf,4,108,2bbl,3.62,2.64,9.5,82,4400,28,33,8.958668737047434,subaru
144,0,subaru baja,0,0,4,sedan,fwd,front,97.2,172.0,65.4,52.5,2340,ohcf,4,108,mpfi,3.62,2.64,9.0,94,5200,26,32,9.206332350578643,subaru
145,0,subaru r1,0,0,4,sedan,4wd,front,97.0,172.0,65.4,54.3,2385,ohcf,4,108,2bbl,3.62,2.64,9.0,82,4800,24,25,9.130539301772627,subaru
146,0,subaru r2,0,1,4,sedan,4wd,front,97.0,172.0,65.4,54.3,2510,ohcf,4,108,mpfi,3.62,2.64,7.7,111,4800,24,29,9.32892308780313,subaru
147,0,subaru trezia,0,0,4,wagon,fwd,front,97.0,173.5,65.4,53.0,2290,ohcf,4,108,2bbl,3.62,2.64,9.0,82,4800,28,32,8.917712757131387,subaru
148,0,subaru tribeca,0,0,4,wagon,fwd,front,97.0,173.5,65.4,53.0,2455,ohcf,4,108,mpfi,3.62,2.64,9.0,94,5200,25,31,9.2299469016151,subaru
149,0,subaru dl,0,0,4,wagon,4wd,front,96.9,173.6,65.4,54.9,2420,ohcf,4,108,2bbl,3.62,2.64,9.0,82,4800,23,29,8.98882050177807,subaru
150,0,subaru dl,0,1,4,wagon,4wd,front,96.9,173.6,65.4,54.9,2650,ohcf,4,108,mpfi,3.62,2.64,7.7,111,4800,23,23,9.366831168735615,subaru
151,1,toyota corona mark ii,0,0,2,hatchback,fwd,front,95.7,158.7,63.6,54.5,1985,ohc,4,92,2bbl,3.05,3.03,9.0,62,4800,35,39,8.584477938221834,toyota
152,1,toyota corona,0,0,2,hatchback,fwd,front,95.7,158.7,63.6,54.5,2040,ohc,4,92,2bbl,3.05,3.03,9.0,62,4800,31,38,8.754318540250866,toyota
153,1,toyota corolla 1200,0,0,4,hatchback,fwd,front,95.7,158.7,63.6,54.5,2015,ohc,4,92,2bbl,3.05,3.03,9.0,62,4800,31,38,8.77770959579525,toyota
154,0,toyota corona hardtop,0,0,4,wagon,fwd,front,95.7,169.7,63.6,59.1,2280,ohc,4,92,2bbl,3.05,3.03,9.0,62,4800,31,37,8.841881989497114,toyota
155,0,toyota corolla 1600 (sw),0,0,4,wagon,4wd,front,95.7,169.7,63.6,59.1,2290,ohc,4,92,2bbl,3.05,3.03,9.0,62,4800,27,32,8.974364841846596,toyota
156,0,toyota carina,0,0,4,wagon,4wd,front,95.7,169.7,63.6,59.1,3110,ohc,4,92,2bbl,3.05,3.03,9.0,62,4800,27,32,9.080003870248179,toyota
157,0,toyota mark ii,0,0,4,sedan,fwd,front,95.7,166.3,64.4,53.0,2081,ohc,4,98,2bbl,3.19,3.03,9.0,70,4800,30,37,8.844768827529695,toyota
158,0,toyota corolla 1200,0,0,4,hatchback,fwd,front,95.7,166.3,64.4,52.8,2109,ohc,4,98,2bbl,3.19,3.03,9.0,70,4800,30,37,8.881558488638976,toyota
159,0,toyota corona,1,0,4,sedan,fwd,front,95.7,166.3,64.4,53.0,2275,ohc,4,110,idi,3.27,3.35,22.5,56,4500,34,36,8.974364841846596,toyota
160,0,toyota corolla,1,0,4,hatchback,fwd,front,95.7,166.3,64.4,52.8,2275,ohc,4,110,idi,3.27,3.35,22.5,56,4500,38,47,8.960339366492091,toyota
161,0,toyota corona,0,0,4,sedan,fwd,front,95.7,166.3,64.4,53.0,2094,ohc,4,98,2bbl,3.19,3.03,9.0,70,4800,38,47,8.953898535260459,toyota
162,0,toyota corolla,0,0,4,hatchback,fwd,front,95.7,166.3,64.4,52.8,2122,ohc,4,98,2bbl,3.19,3.03,9.0,70,4800,28,34,9.03097444300786,toyota
163,0,toyota mark ii,0,0,4,sedan,fwd,front,95.7,166.3,64.4,52.8,2140,ohc,4,98,2bbl,3.19,3.03,9.0,70,4800,28,34,9.133243321591216,toyota
164,1,toyota corolla liftback,0,0,2,sedan,rwd,front,94.5,168.7,64.0,52.6,2169,ohc,4,98,2bbl,3.19,3.03,9.0,70,4800,29,34,8.994420665751292,toyota
165,1,toyota corona,0,0,2,hatchback,rwd,front,94.5,168.7,64.0,52.6,2204,ohc,4,98,2bbl,3.19,3.03,9.0,70,4800,29,34,9.016512874996026,toyota
166,1,toyota celica gt liftback,0,0,2,sedan,rwd,front,94.5,168.7,64.0,52.6,2265,dohc,4,98,mpfi,3.24,3.08,9.4,112,6600,26,29,9.13755460225053,toyota
167,1,toyota corolla tercel,0,0,2,hatchback,rwd,front,94.5,168.7,64.0,52.6,2300,dohc,4,98,mpfi,3.24,3.08,9.4,112,6600,26,29,9.16303909885817,toyota
168,2,toyota corona liftback,0,0,2,hardtop,rwd,front,98.4,176.2,65.6,52.0,2540,ohc,4,146,mpfi,3.62,3.5,9.3,116,4800,24,30,9.041803370152845,toyota
169,2,toyota corolla,0,0,2,hardtop,rwd,front,98.4,176.2,65.6,52.0,2536,ohc,4,146,mpfi,3.62,3.5,9.3,116,4800,24,30,9.173572647783969,toyota
170,2,toyota starlet,0,0,2,hatchback,rwd,front,98.4,176.2,65.6,52.0,2551,ohc,4,146,mpfi,3.62,3.5,9.3,116,4800,24,30,9.20923976653215,toyota
171,2,toyota tercel,0,0,2,hardtop,rwd,front,98.4,176.2,65.6,52.0,2679,ohc,4,146,mpfi,3.62,3.5,9.3,116,4800,24,30,9.323579767582693,toyota
172,2,toyota corolla,0,0,2,hatchback,rwd,front,98.4,176.2,65.6,52.0,2714,ohc,4,146,mpfi,3.62,3.5,9.3,116,4800,24,30,9.354354132115088,toyota
173,2,toyota cressida,0,0,2,convertible,rwd,front,98.4,176.2,65.6,53.0,2975,ohc,4,146,mpfi,3.62,3.5,9.3,116,4800,24,30,9.77956697061665,toyota
174,-1,toyota corolla,0,0,4,sedan,fwd,front,102.4,175.6,66.5,54.9,2326,ohc,4,122,mpfi,3.31,3.54,8.7,92,4200,29,34,9.09918532261002,toyota
175,-1,toyota celica gt,1,1,4,sedan,fwd,front,102.4,175.6,66.5,54.9,2480,ohc,4,110,idi,3.27,3.35,22.5,73,4500,30,33,9.277812087091196,toyota
176,-1,toyota corona,0,0,4,hatchback,fwd,front,102.4,175.6,66.5,53.9,2414,ohc,4,122,mpfi,3.31,3.54,8.7,92,4200,27,32,9.209139651399664,toyota
177,-1,toyota corolla,0,0,4,sedan,fwd,front,102.4,175.6,66.5,54.9,2414,ohc,4,122,mpfi,3.31,3.54,8.7,92,4200,27,32,9.296334565143043,toyota
178,-1,toyota mark ii,0,0,4,hatchback,fwd,front,102.4,175.6,66.5,53.9,2458,ohc,4,122,mpfi,3.31,3.54,8.7,92,4200,27,32,9.327945614050446,toyota
179,3,toyota corolla liftback,0,0,2,hatchback,rwd,front,102.9,183.5,67.7,52.0,2976,dohc,6,171,mpfi,3.27,3.35,9.3,161,5200,20,24,9.71462464769875,toyota
180,3,toyota corona,0,0,2,hatchback,rwd,front,102.9,183.5,67.7,52.0,3016,dohc,6,171,mpfi,3.27,3.35,9.3,161,5200,19,24,9.680218993408767,toyota
181,-1,toyota starlet,0,0,4,sedan,rwd,front,104.5,187.8,66.5,54.1,3131,dohc,6,171,mpfi,3.27,3.35,9.2,156,5200,20,24,9.660778845727078,toyota
182,-1,toyouta tercel,0,0,4,wagon,rwd,front,104.5,187.8,66.5,54.1,3151,dohc,6,161,mpfi,3.27,3.35,9.2,156,5200,19,24,9.66459564425378,toyota
183,2,vokswagen rabbit,1,0,2,sedan,fwd,front,97.3,171.7,65.5,55.7,2261,ohc,4,97,idi,3.01,3.4,23.0,52,4800,37,46,8.958668737047434,volkswagen
184,2,volkswagen 1131 deluxe sedan,0,0,2,sedan,fwd,front,97.3,171.7,65.5,55.7,2209,ohc,4,109,mpfi,3.19,3.4,9.0,85,5250,27,34,8.984066927653044,volkswagen
185,2,volkswagen model 111,1,0,4,sedan,fwd,front,97.3,171.7,65.5,55.7,2264,ohc,4,97,idi,3.01,3.4,23.0,52,4800,37,46,8.986571625268054,volkswagen
186,2,volkswagen type 3,0,0,4,sedan,fwd,front,97.3,171.7,65.5,55.7,2212,ohc,4,109,mpfi,3.19,3.4,9.0,85,5250,27,34,9.01127949117793,volkswagen
187,2,volkswagen 411 (sw),0,0,4,sedan,fwd,front,97.3,171.7,65.5,55.7,2275,ohc,4,109,mpfi,3.19,3.4,9.0,85,5250,27,34,9.047233034106032,volkswagen
188,2,volkswagen super beetle,1,1,4,sedan,fwd,front,97.3,171.7,65.5,55.7,2319,ohc,4,97,idi,3.01,3.4,23.0,68,4500,37,42,9.158520623246385,volkswagen
189,2,volkswagen dasher,0,0,4,sedan,fwd,front,97.3,171.7,65.5,55.7,2300,ohc,4,109,mpfi,3.19,3.4,10.0,100,5500,26,32,9.209840246934501,volkswagen
190,3,vw dasher,0,0,2,convertible,fwd,front,94.5,159.3,64.2,55.6,2254,ohc,4,109,mpfi,3.19,3.4,8.5,90,5500,24,29,9.358329249689632,volkswagen
191,3,vw rabbit,0,0,2,hatchback,fwd,front,94.5,165.7,64.0,51.4,2221,ohc,4,109,mpfi,3.19,3.4,8.5,90,5500,24,29,9.20833836930551,volkswagen
192,0,volkswagen rabbit,0,0,4,sedan,fwd,front,100.4,180.2,66.9,55.1,2661,ohc,5,136,mpfi,3.19,3.4,8.5,110,5500,19,24,9.49514330367712,volkswagen
193,0,volkswagen rabbit custom,1,1,4,sedan,fwd,front,100.4,180.2,66.9,55.1,2579,ohc,4,97,idi,3.01,3.4,23.0,68,4500,33,38,9.535679435605061,volkswagen
194,0,volkswagen dasher,0,0,4,wagon,fwd,front,100.4,183.1,66.9,55.1,2563,ohc,4,109,mpfi,3.19,3.4,9.0,88,5500,25,31,9.416541202560081,volkswagen
195,-2,volvo 145e (sw),0,0,4,sedan,rwd,front,104.3,188.8,67.2,56.2,2912,ohc,4,141,mpfi,3.78,3.15,9.5,114,5400,23,28,9.468078568054892,volvo
196,-1,volvo 144ea,0,0,4,wagon,rwd,front,104.3,188.8,67.2,57.5,3034,ohc,4,141,mpfi,3.78,3.15,9.5,114,5400,23,28,9.504128762859725,volvo
197,-2,volvo 244dl,0,0,4,sedan,rwd,front,104.3,188.8,67.2,56.2,2935,ohc,4,141,mpfi,3.78,3.15,9.5,114,5400,24,28,9.679406061493943,volvo
198,-1,volvo 245,0,0,4,wagon,rwd,front,104.3,188.8,67.2,57.5,3042,ohc,4,141,mpfi,3.78,3.15,9.5,114,5400,24,28,9.71202433782489,volvo
199,-2,volvo 264gl,0,1,4,sedan,rwd,front,104.3,188.8,67.2,56.2,3045,ohc,4,130,mpfi,3.62,3.15,7.5,162,5100,17,22,9.821192309809298,volvo
200,-1,volvo diesel,0,1,4,wagon,rwd,front,104.3,188.8,67.2,57.5,3157,ohc,4,130,mpfi,3.62,3.15,7.5,162,5100,17,22,9.849559210510572,volvo
201,-1,volvo 145e (sw),0,0,4,sedan,rwd,front,109.1,188.8,68.9,55.5,2952,ohc,4,141,mpfi,3.78,3.15,9.5,114,5400,23,28,9.731809155840653,volvo
202,-1,volvo 144ea,0,1,4,sedan,rwd,front,109.1,188.8,68.8,55.5,3049,ohc,4,141,mpfi,3.78,3.15,8.7,160,5300,19,25,9.854559878912704,volvo
203,-1,volvo 244dl,0,0,4,sedan,rwd,front,109.1,188.8,68.9,55.5,3012,ohcv,6,173,mpfi,3.58,2.87,8.8,134,5500,18,23,9.975110296209095,volvo
204,-1,volvo 246,1,1,4,sedan,rwd,front,109.1,188.8,68.9,55.5,3217,ohc,6,145,idi,3.01,3.4,23.0,106,4800,26,27,10.019936365179374,volvo
205,-1,volvo 264gl,0,1,4,sedan,rwd,front,109.1,188.8,68.9,55.5,3062,ohc,4,141,mpfi,3.78,3.15,9.5,114,5400,19,25,10.026810768568128,volvo
